Modèle,R² Train,R² Test,RMSE Test,MAE Test,CV R² Moyen
Variables Originales,0.5334202398156895,0.6739897624933202,7458.048929441398,5269.965924405928,-2.3259114581694775
Composantes Principales,0.43791173597996325,0.6283499270732976,7963.000085113168,5726.802136959427,-0.4271301939512644
Approche Hybride,0.7400211739144815,0.8518634759649224,5027.368088825932,3696.363683811062,-5.400591705159313
